firstName;lastName;image;email;phoneNumber
Skipton;Zealander;Pink;szealandert@bizjournals.com;+86 294 955 8278
Ludwig;Paike;Orange;lpaikeu@technorati.com;+81 720 266 7779
Arlee;O'Heyne;Violet;aoheynev@ehow.com;+506 567 361 5872
Claudian;Scollick;Fuscia;cscollickw@canalblog.com;+86 810 928 1087
Avie;Heys;Turquoise;aheysy@skyrock.com;+7 184 256 0683
Collette;Corss;Yellow;ccorssz@ehow.com;+351 184 758 0337
Jim;Riggs;Teal;jriggs10@wordpress.org;+232 465 385 1559
Mariann;Hateley;Crimson;mhateley11@cnn.com;+966 645 659 1121
Seymour;Brach;Mauv;sbrach12@google.com.hk;+33 868 846 9270
Dawn;Orgel;Khaki;dorgel13@nih.gov;+351 280 801 5650
Andres;Busch;Purple;abusch14@baidu.com;+7 305 166 6252
Giralda;Mettricke;Orange;gmettricke15@so-net.ne.jp;+351 682 954 3096
Patrice;Andreazzi;Teal;pandreazzi16@netlog.com;+63 314 179 1702
Mabelle;Moye;Maroon;mmoye17@wix.com;+48 699 643 1369
Valentina;Gowans;Violet;vgowans18@adobe.com;+264 937 192 2542
Ryun;Stable;Orange;rstable19@parallels.com;+7 866 207 3942
Fleurette;Halworth;Red;fhalworth1a@deliciousdays.com;+86 678 385 4427
Evelyn;Pellant;Aquamarine;epellant1b@unesco.org;+46 648 659 1766
Hamid;Wichard;Maroon;hwichard1c@craigslist.org;+62 168 431 9017
Krystalle;Barhims;Mauv;kbarhims1d@dailymotion.com;+963 736 242 3754
Finlay;Bucham;Aquamarine;fbucham1e@elpais.com;+994 749 313 2572
Martguerita;Bradick;Orange;mbradick1f@ask.com;+55 592 257 2143
Denys;Coorington;Teal;dcoorington1g@netvibes.com;+351 909 613 7701
Ruy;Neiland;Maroon;rneiland1h@1und1.de;+86 774 390 7304
Hendrick;Hancox;Red;hhancox1i@prnewswire.com;+86 878 679 2403
Claiborne;Crossgrove;Turquoise;ccrossgrove1j@nba.com;+54 481 937 3474
Sutherlan;Posten;Red;sposten1k@unc.edu;+86 824 593 7136
Kelcie;Stilling;Maroon;kstilling1l@yelp.com;+33 652 894 5989
Geraldine;Coetzee;Fuscia;gcoetzee1m@tinypic.com;+86 876 674 3834
Kelwin;Yanukhin;Red;kyanukhin1n@cnn.com;+93 895 523 9995
Gelya;Skrzynski;Khaki;gskrzynski1o@apache.org;+371 559 390 9839
Tracie;Nuzzti;Fuscia;tnuzzti1p@reference.com;+55 359 814 9414
Thedric;Kaufman;Pink;tkaufman1q@toplist.cz;+49 753 730 4675
Jone;Champkin;Fuscia;jchampkin1r@mapquest.com;+30 840 314 9640
Katinka;Simcock;Khaki;ksimcock1s@msn.com;+62 106 815 7022
Hamel;Pinwill;Fuscia;hpinwill1t@wordpress.org;+49 880 208 9120
Retha;Sibery;Orange;rsibery1u@surveymonkey.com;+31 245 380 5331
Ced;Fakeley;Red;cfakeley1v@google.com;+66 304 952 5656
Bettine;Karpe;Mauv;bkarpe1w@addtoany.com;+60 104 336 5311
Meredith;Uppett;Violet;muppett1x@wunderground.com;+36 424 214 9074
Estel;Riteley;Purple;eriteley1y@ca.gov;+86 960 345 2724
Dudley;Kift;Aquamarine;dkift1z@gmpg.org;+1 883 566 3293
Pavlov;Bosomworth;Blue;pbosomworth20@tripod.com;+1 915 326 1084
Eward;Poyntz;Yellow;epoyntz21@unicef.org;+420 498 882 0916
Frankie;Greenhalf;Puce;fgreenhalf22@prlog.org;+380 539 205 0892
Cyndy;Blune;Maroon;cblune23@amazon.de;+967 372 185 6686
Jan;Ransfield;Goldenrod;jransfield24@xrea.com;+689 390 762 9173
Tony;Letteresse;Puce;tletteresse25@craigslist.org;+62 503 263 2427
Ferrell;Cutill;Teal;fcutill26@bbb.org;+86 787 140 7694
Barby;Ducarel;Violet;bducarel27@privacy.gov.au;+55 432 183 8728
Sim;Lincey;Turquoise;slincey28@samsung.com;+237 871 583 0033
Sile;Mion;Orange;smion29@fc2.com;+7 200 247 6851
Noll;Hampson;Blue;nhampson2a@blogtalkradio.com;+374 624 236 7975
Lynna;Whichelow;Mauv;lwhichelow2b@aol.com;+351 823 725 2007
Teodoor;Kenward;Maroon;tkenward2c@parallels.com;+46 759 176 3870
Miof mela;Riggeard;Turquoise;mriggeard2d@storify.com;+86 382 552 9127
Hurleigh;Emett;Goldenrod;hemett2e@bigcartel.com;+95 255 341 3541
Henderson;Gyurko;Puce;hgyurko2f@usa.gov;+86 536 844 9756
Aline;Gregori;Goldenrod;agregori2g@slashdot.org;+81 236 558 5427
Johnna;Mordacai;Violet;jmordacai2h@ebay.com;+33 440 592 0369
Hanni;Torricina;Red;htorricina2i@yandex.ru;+62 895 622 9088
Pierette;Huard;Orange;phuard2j@imdb.com;+351 671 722 3593
Eleonore;Colloff;Red;ecolloff2k@ow.ly;+509 894 924 4691
Armand;Knibbs;Puce;aknibbs2l@ucoz.com;+506 830 434 2792
Dawn;Whybrow;Blue;dwhybrow2m@mashable.com;+55 154 592 1218
Hastings;L'argent;Orange;hlargent2n@msu.edu;+351 227 649 7033
Carmel;Chesson;Fuscia;cchesson2o@digg.com;+353 575 141 5710
Tera;Yurin;Crimson;tyurin2p@indiegogo.com;+63 568 387 0363
Aksel;Tiffany;Maroon;atiffany2q@nydailynews.com;+31 362 810 5297
Prinz;Pashan;Pink;ppashan2r@newyorker.com;+506 102 950 9471
Luisa;Wastell;Indigo;lwastell2s@yolasite.com;+992 864 311 2075
Cy;Caddie;Green;ccaddie2t@thetimes.co.uk;+7 598 193 2299
Amelina;Neissen;Purple;aneissen2u@usda.gov;+46 264 313 9489
Natasha;Stucksbury;Purple;nstucksbury2v@printfriendly.com;+7 199 816 4551
Reinald;Ganing;Green;rganing2w@walmart.com;+30 662 620 5852
Kahaleel;Edwin;Green;kedwin2x@i2i.jp;+970 880 768 2481
Toddie;Stadden;Teal;tstadden2y@merriam-webster.com;+591 405 114 6457
Mitchael;Gerardeaux;Turquoise;mgerardeaux2z@stumbleupon.com;+33 838 366 9782
Luciana;Normanville;Purple;lnormanville30@lulu.com;+48 605 458 4264
Baillie;Hayland;Violet;bhayland31@seattletimes.com;+48 977 877 1536
Grange;Ilett;Green;gilett32@va.gov;+380 276 163 7732
Morganica;Gettens;Crimson;mgettens33@hud.gov;+7 591 882 4472
Joelle;McKitterick;Blue;jmckitterick34@loc.gov;+86 994 745 6915
Bernadine;MacKill;Blue;bmackill35@amazon.com;+58 795 305 5178
Roxana;Fanstone;Aquamarine;rfanstone36@163.com;+86 579 548 5344
Agathe;Murrey;Purple;amurrey37@squarespace.com;+7 168 796 9257
Alyss;Tummasutti;Teal;atummasutti38@themeforest.net;+55 354 185 3704
Billi;Curle;Fuscia;bcurle39@goodreads.com;+62 430 316 7621
Alfreda;Elvey;Purple;aelvey3a@webmd.com;+62 788 120 3077
Simona;Lantaff;Purple;slantaff3b@nsw.gov.au;+7 879 276 9406
Mahmoud;McLise;Red;mmclise3c@techcrunch.com;+86 965 722 0449
Alyssa;Huddart;Crimson;ahuddart3d@nba.com;+351 308 822 7059
Augustin;Keddy;Teal;akeddy3e@theatlantic.com;+967 232 420 6666
Ed;Jorgesen;Blue;ejorgesen3f@discuz.net;+62 639 622 1874
Moritz;Mapplebeck;Red;mmapplebeck3g@house.gov;+55 787 104 3577
Wittie;Belchamber;Aquamarine;wbelchamber3h@360.cn;+86 600 412 9475
Kristofer;Jonk;Violet;kjonk3i@pen.io;+1 412 524 4910
Cassandre;Aberchirder;Violet;caberchirder3j@craigslist.org;+86 882 604 4494
Vittorio;Sherebrook;Teal;vsherebrook3k@diigo.com;+507 282 740 2384
Herby;McGahern;Teal;hmcgahern3l@alibaba.com;+86 932 994 2496
Sherm;Blaber;Pink;sblaber3m@indiatimes.com;+86 327 917 9041
Micki;Bendson;Puce;mbendson3n@mashable.com;+375 701 640 4331
Adiana;Coonihan;Blue;acoonihan3o@cdc.gov;+62 276 174 1022
Kyla;Duiguid;Mauv;kduiguid3p@wired.com;+351 629 140 1361
Geri;Andrzejewski;Violet;gandrzejewski3q@reddit.com;+62 608 607 2613
Nolana;Heindle;Teal;nheindle3r@chronoengine.com;+86 989 494 9270
Lyn;MacCahey;Purple;lmaccahey3s@usnews.com;+46 360 347 5364
Leann;Sircombe;Aquamarine;lsircombe3t@bizjournals.com;+351 218 954 3303
Orville;Dossit;Violet;odossit3u@free.fr;+373 170 424 5605
Oona;Skough;Fuscia;oskough3v@mediafire.com;+1 425 247 9479
Fran;Crippen;Pink;fcrippen3w@utexas.edu;+51 186 834 8689
Alfredo;Bawcock;Fuscia;abawcock3x@ustream.tv;+86 586 120 7075
Jonathon;Wetherby;Indigo;jwetherby3y@cafepress.com;+55 337 822 8000
Donn;Guyonneau;Yellow;dguyonneau3z@icio.us;+62 742 967 3584
Gualterio;Giacobini;Red;ggiacobini40@etsy.com;+81 127 918 5276
Florrie;Moden;Blue;fmoden41@list-manage.com;+380 603 449 5306
Oliviero;Kalker;Turquoise;okalker42@ezinearticles.com;+57 900 758 3748
Claudina;Freeth;Khaki;cfreeth43@hostgator.com;+86 124 348 6545
Iseabal;Wroth;Violet;iwroth44@adobe.com;+1 713 578 4449
Zebulon;Morigan;Puce;zmorigan45@mit.edu;+66 266 395 3620
Monroe;Duncanson;Pink;mduncanson46@slideshare.net;+229 292 536 7790
Bevvy;Aindriu;Maroon;baindriu47@joomla.org;+48 981 426 5848
Dacy;MacIlurick;Orange;dmacilurick48@dmoz.org;+48 546 989 8291
Maritsa;Jesse;Fuscia;mjesse49@marketwatch.com;+1 134 998 8631
Meredith;Sollner;Puce;msollner4a@google.it;+62 950 346 3397
Teddy;Dearle-Palser;Red;tdearlepalser4b@washington.edu;+86 396 773 5223
Noellyn;De Freyne;Green;ndefreyne4c@networkadvertising.org;+36 316 739 1629
Ruy;Davidman;Red;rdavidman4d@fda.gov;+256 488 879 8123
Gerianne;Armin;Indigo;garmin4e@vistaprint.com;+992 420 284 6105
Taylor;Oldaker;Yellow;toldaker4f@bbc.co.uk;+63 688 779 9836
Geordie;Pervoe;Pink;gpervoe4g@mozilla.com;+53 316 126 9072
Homerus;Dumbarton;Orange;hdumbarton4h@themeforest.net;+269 596 460 9088
Anastasie;Bricket;Goldenrod;abricket4i@fc2.com;+351 425 609 9051
Lesli;Spikeings;Pink;lspikeings4j@multiply.com;+60 242 811 8760
Stormie;Leall;Aquamarine;sleall4k@paypal.com;+62 635 889 2855
Ruthy;Desson;Fuscia;rdesson4l@wordpress.org;+62 234 447 2268
Liuka;Trimmill;Pink;ltrimmill4m@tinyurl.com;+55 894 391 0558
Walker;Buncom;Aquamarine;wbuncom4n@myspace.com;+7 502 683 9592
Steffi;Hauxley;Orange;shauxley4o@tuttocitta.it;+52 982 283 9964
Kamila;Folland;Purple;kfolland4p@typepad.com;+351 113 231 6311
Eli;Shortall;Blue;eshortall4q@merriam-webster.com;+591 924 934 2410
Bree;Kahen;Purple;bkahen4r@youtu.be;+30 533 686 2735
Edwin;Trowbridge;Teal;etrowbridge4s@vkontakte.ru;+504 378 778 4547
Olimpia;Helks;Yellow;ohelks4t@newyorker.com;+54 258 514 2874
Freemon;Pallatina;Red;fpallatina4u@fda.gov;+30 695 426 8065
Moss;Sawter;Green;msawter4v@prnewswire.com;+20 141 229 8011
Linzy;Cobbledick;Goldenrod;lcobbledick4w@e-recht24.de;+48 653 186 8636
Kaleb;Christescu;Mauv;kchristescu4x@un.org;+62 233 201 9663
Marielle;Coetzee;Fuscia;mcoetzee4y@ftc.gov;+54 585 158 0480
Boote;Philpott;Crimson;bphilpott4z@csmonitor.com;+55 238 656 0953
Marius;Nettle;Turquoise;mnettle50@nps.gov;+55 561 332 2904
Clo;Weaben;Indigo;cweaben51@nationalgeographic.com;+86 230 147 1355
Blythe;Jakubovski;Violet;bjakubovski52@taobao.com;+86 448 339 6509
Kellyann;Charrier;Teal;kcharrier53@jigsy.com;+66 924 350 4009
Maureene;Nevinson;Fuscia;mnevinson54@fc2.com;+48 898 536 8076
Velvet;Niland;Puce;vniland55@timesonline.co.uk;+55 385 937 2171
Carly;Knotton;Aquamarine;cknotton56@google.co.uk;+1 612 890 6842
Brucie;Saunier;Khaki;bsaunier57@illinois.edu;+86 606 526 8324
Odessa;Scartifield;Aquamarine;oscartifield58@edublogs.org;+48 409 520 8867
Gorden;Feria;Violet;gferia59@google.com.hk;+7 311 851 5521
Tina;MacNeillie;Fuscia;tmacneillie5a@mit.edu;+420 623 659 9382
Laurence;McElrea;Green;lmcelrea5b@cisco.com;+86 443 193 2011
Terrye;Sharma;Indigo;tsharma5c@techcrunch.com;+375 756 712 2655
Vera;Andretti;Teal;vandretti5d@newyorker.com;+86 425 498 0336
Adham;Balassi;Fuscia;abalassi5e@live.com;+7 756 222 1409
Uriah;Bresman;Blue;ubresman5f@adobe.com;+237 277 553 3594
Wittie;Rennenbach;Khaki;wrennenbach5g@army.mil;+86 189 607 4481
Barnabas;Elcoat;Violet;belcoat5h@ucoz.com;+86 845 269 9942
Hammad;Lawton;Puce;hlawton5i@sina.com.cn;+224 152 328 0406
Earl;Handrick;Maroon;ehandrick5j@zdnet.com;+62 860 804 6913
Luigi;D'Hooge;Goldenrod;ldhooge5k@privacy.gov.au;+55 993 168 3283
Jamill;Shewsmith;Puce;jshewsmith5l@dedecms.com;+387 442 546 1965
Eldon;Leftly;Orange;eleftly5m@patch.com;+98 343 579 6657
Matilda;Trimnell;Orange;mtrimnell5n@xinhuanet.com;+62 428 574 3436
Kimberlee;Clist;Indigo;kclist5o@lulu.com;+52 660 316 5922
Willie;Jankovsky;Purple;wjankovsky5p@walmart.com;+261 314 406 5468
Carree;Vause;Green;cvause5q@blogger.com;+351 686 146 0552
Jackelyn;Monte;Puce;jmonte5r@hostgator.com;+225 237 976 5972
Edita;Fleay;Red;efleay5s@surveymonkey.com;+55 582 925 2928
Stafford;Hadwin;Maroon;shadwin5t@posterous.com;+880 538 235 9651
Cassie;Pinfold;Mauv;cpinfold5u@whitehouse.gov;+86 679 125 1122
Zollie;Tench;Crimson;ztench5v@purevolume.com;+54 772 371 4813
Colman;Broady;Green;cbroady5w@eepurl.com;+93 855 964 6466
Carl;Allchorne;Blue;callchorne5x@networkadvertising.org;+86 336 307 2026
Liane;Plaister;Goldenrod;lplaister5y@yahoo.com;+351 360 329 5889
Ware;Bootell;Goldenrod;wbootell5z@guardian.co.uk;+386 324 993 1556
Welbie;Robroe;Violet;wrobroe60@prnewswire.com;+49 660 184 4270
Kirk;Lermouth;Blue;klermouth61@joomla.org;+62 911 716 6932
Charla;Broek;Khaki;cbroek62@samsung.com;+30 281 258 3134
Briant;Dummigan;Blue;bdummigan63@163.com;+54 439 274 0021
Mathew;Kobierzycki;Orange;mkobierzycki64@ustream.tv;+86 350 899 3237
Randee;Chilver;Violet;rchilver65@mit.edu;+86 596 384 7653
Sandi;Sporgeon;Orange;ssporgeon66@joomla.org;+82 604 608 4942
Ailee;Simeone;Aquamarine;asimeone67@discuz.net;+970 812 781 5403
Stevena;Ghion;Puce;sghion68@shutterfly.com;+261 380 472 0417
Jerry;Tremoulet;Mauv;jtremoulet69@fastcompany.com;+30 365 807 8201
Ulrich;Spellward;Orange;uspellward6a@toplist.cz;+7 536 187 2845
Peter;Zisneros;Fuscia;pzisneros6b@seesaa.net;+507 311 592 6811
Pip;O'Hdirscoll;Fuscia;pohdirscoll6c@xinhuanet.com;+507 779 970 1032
Berky;Peirazzi;Red;bpeirazzi6d@cornell.edu;+966 541 261 3625
Abbie;Hallybone;Yellow;ahallybone6e@lycos.com;+64 620 162 3138
Larisa;Doogue;Teal;ldoogue6f@jigsy.com;+212 852 644 7385
Clerc;Izkovitch;Fuscia;cizkovitch6g@seattletimes.com;+7 550 754 8291
Cece;Undrill;Turquoise;cundrill6h@google.co.uk;+385 360 188 7174
Candy;Glendining;Turquoise;cglendining6i@buzzfeed.com;+92 242 466 3366
Josiah;Laugier;Violet;jlaugier6j@amazon.co.uk;+961 590 765 4783
Bennie;Byrnes;Yellow;bbyrnes6k@ted.com;+7 799 495 5670
Doralia;Dorkins;Turquoise;ddorkins6l@instagram.com;+351 117 316 3106
Gun;Frake;Orange;gfrake6m@eventbrite.com;+33 313 653 5371
Nikoletta;Balnave;Teal;nbalnave6n@icio.us;+86 668 399 2878
Dionisio;Hessenthaler;Khaki;dhessenthaler6o@fotki.com;+251 848 880 4855
Galven;Heintzsch;Teal;gheintzsch6p@domainmarket.com;+1 895 834 6022
Beverie;Siggee;Red;bsiggee6q@amazon.co.jp;+351 999 632 9011
Lorant;Leece;Pink;lleece6r@amazon.co.jp;+968 685 913 2455
Tabby;Mulberry;Puce;tmulberry6s@cisco.com;+92 888 505 8379
Artemis;Ferenczi;Mauv;aferenczi6t@about.com;+62 923 738 9823
Sibley;Reoch;Orange;sreoch6u@com.com;+506 885 248 2721
Dorie;Doe;Violet;ddoe6v@discuz.net;+7 516 584 3408
Thane;Wafer;Mauv;twafer6w@nytimes.com;+98 792 861 9095
Leonerd;O'Cleary;Orange;locleary6x@storify.com;+351 205 868 6442
Katuscha;Trewhella;Puce;ktrewhella6y@foxnews.com;+380 356 555 1925
Ellie;Deards;Red;edeards6z@shutterfly.com;+62 959 515 2596
Cully;Stripling;Mauv;cstripling70@intel.com;+351 913 478 0758
Asa;O'Hallihane;Khaki;aohallihane71@amazon.de;+238 764 392 0923
Demetri;Baudacci;Puce;dbaudacci72@miibeian.gov.cn;+506 907 259 7686
Delcine;Demko;Aquamarine;ddemko73@cnet.com;+86 115 158 0287
Erick;Philips;Turquoise;ephilips74@pinterest.com;+55 775 235 6915
Elysia;Skep;Blue;eskep75@dailymail.co.uk;+84 703 904 7523
Tildi;Gowthrop;Crimson;tgowthrop76@sciencedirect.com;+86 547 682 3666
John;Dolligon;Pink;jdolligon77@sbwire.com;+81 841 167 9892
Ermengarde;Whear;Green;ewhear78@plala.or.jp;+30 660 805 0939
Lilla;Hasard;Teal;lhasard79@flickr.com;+33 122 690 0159
Nanine;Sturgis;Yellow;nsturgis7a@harvard.edu;+385 725 701 8152
Heida;Smerdon;Purple;hsmerdon7b@stumbleupon.com;+63 859 591 6206
Felisha;Haryngton;Goldenrod;fharyngton7c@dailymotion.com;+33 567 877 4947
Brad;Goldstone;Crimson;bgoldstone7d@weebly.com;+62 931 176 6725
Dall;Beviss;Fuscia;dbeviss7e@nature.com;+86 783 677 4097
Elmira;Chark;Maroon;echark7f@rambler.ru;+62 162 261 5591
Mattheus;Auchterlonie;Blue;mauchterlonie7g@census.gov;+63 347 321 6755
Lennie;Papen;Pink;lpapen7h@nbcnews.com;+972 858 534 5946
Gary;Sandhill;Purple;gsandhill7i@theguardian.com;+63 319 373 3204
Fielding;Wrigglesworth;Red;fwrigglesworth7j@macromedia.com;+994 428 698 9794
Thomasin;Hinstridge;Purple;thinstridge7k@t.co;+86 936 303 4445
Rockie;Sturton;Crimson;rsturton7l@ebay.co.uk;+86 734 533 4207
Elissa;Kinnane;Blue;ekinnane7m@sfgate.com;+57 134 227 8830
Chrissie;Sebley;Aquamarine;csebley7n@uol.com.br;+389 284 795 8637
Patrizia;Sitwell;Goldenrod;psitwell7o@unesco.org;+63 994 402 2681
Neal;Brooke;Puce;nbrooke7p@patch.com;+386 890 229 9011
Lara;Kwietak;Aquamarine;lkwietak7q@vimeo.com;+503 805 429 3410
Sansone;Gantzer;Violet;sgantzer7r@istockphoto.com;+86 212 607 5787
Deeann;McCard;Red;dmccard7s@flickr.com;+81 322 210 0115
Sidnee;Matterdace;Puce;smatterdace7t@google.cn;+33 791 739 1000
Adria;Cope;Indigo;acope7u@mapy.cz;+48 542 616 2888
Hilarius;Lazenby;Teal;hlazenby7v@trellian.com;+33 993 456 5964
Nicky;Hein;Mauv;nhein7w@shop-pro.jp;+353 394 911 6921
Gaby;de Grey;Fuscia;gdegrey7x@latimes.com;+55 645 484 6557
Tommy;Hardinge;Violet;thardinge7y@facebook.com;+66 979 999 0705
Etti;Fairlamb;Green;efairlamb7z@hc360.com;+86 659 423 9481
Truman;Sinnocke;Aquamarine;tsinnocke80@dmoz.org;+86 369 385 2754
Hildegarde;Ruggs;Goldenrod;hruggs81@nature.com;+48 410 535 8518
Fleurette;Yaus;Fuscia;fyaus82@ask.com;+62 343 802 1352
Malinda;Lidgley;Indigo;mlidgley83@domainmarket.com;+7 591 203 0980
Ade;Abrey;Red;aabrey84@ebay.co.uk;+7 745 143 8937
Orsa;Emson;Yellow;oemson85@tinyurl.com;+62 804 596 9649
Thadeus;Acory;Indigo;tacory86@reference.com;+356 281 813 2030
Chanda;Knightley;Pink;cknightley87@nature.com;+62 492 306 0081
Dorice;Longstreet;Pink;dlongstreet88@mashable.com;+33 278 387 3371
Tallou;Bleacher;Pink;tbleacher89@dropbox.com;+1 652 888 3268
Vidovic;Bursnoll;Indigo;vbursnoll8a@people.com.cn;+34 784 971 7808
Nickolaus;Dyhouse;Purple;ndyhouse8b@cocolog-nifty.com;+33 547 580 7563
Lisle;Yendall;Yellow;lyendall8c@histats.com;+995 251 822 2544
Worthington;Waldram;Crimson;wwaldram8d@who.int;+7 970 564 7342
Turner;Janousek;Mauv;tjanousek8e@canalblog.com;+84 181 811 1900
Cassius;Jaffa;Yellow;cjaffa8f@discovery.com;+7 712 837 7978
Jordana;Chrishop;Violet;jchrishop8g@springer.com;+46 952 589 0108
Arnold;McGerraghty;Crimson;amcgerraghty8h@ning.com;+66 396 349 9795
Prissie;Medley;Purple;pmedley8i@youtube.com;+62 746 353 6278
Rodi;Drinkhill;Yellow;rdrinkhill8j@cdc.gov;+63 619 173 3935
Carl;Gadie;Goldenrod;cgadie8k@technorati.com;+237 586 857 7825
Kiri;Linzee;Violet;klinzee8l@diigo.com;+46 199 617 7324
Briant;Kinson;Teal;bkinson8m@china.com.cn;+62 729 861 7379
Gabriel;Senussi;Fuscia;gsenussi8n@msn.com;+7 409 194 1776
Zared;Obee;Purple;zobee8o@w3.org;+420 292 327 0877
Brady;Spottiswoode;Aquamarine;bspottiswoode8p@t.co;+355 200 990 4008
Mayor;Durrant;Purple;mdurrant8q@addthis.com;+31 859 681 7060
Yardley;Cathrae;Orange;ycathrae8r@plala.or.jp;+51 655 506 7106
Farlie;Cram;Turquoise;fcram8s@joomla.org;+51 722 274 9485
Bebe;Board;Purple;bboard8t@washington.edu;+48 687 435 6567
Eugine;Chivers;Maroon;echivers8u@pinterest.com;+63 728 700 6092
Cully;Henlon;Red;chenlon8v@vk.com;+7 763 754 9664
Lefty;Southall;Turquoise;lsouthall8w@dailymotion.com;+55 396 963 6621
Neda;Dennick;Indigo;ndennick8x@phpbb.com;+351 322 895 3426
Karin;Drake;Aquamarine;kdrake8y@example.com;+55 167 474 4969
Jasmin;Chell;Teal;jchell8z@mail.ru;+86 137 117 3889
Heidi;Paolucci;Maroon;hpaolucci90@domainmarket.com;+591 755 991 4490
Bren;Berrisford;Puce;bberrisford91@photobucket.com;+51 830 571 6753
Pearl;Lockner;Teal;plockner92@elpais.com;+1 581 634 0062
Gunner;Pirozzi;Khaki;gpirozzi93@google.com.hk;+33 252 302 7263
Brynna;Coupland;Fuscia;bcoupland94@toplist.cz;+7 775 781 2730
Etty;Bourget;Maroon;ebourget95@tuttocitta.it;+46 988 461 4467
Arabele;Gonoude;Purple;agonoude96@columbia.edu;+977 543 598 0563
Marietta;Marval;Fuscia;mmarval97@list-manage.com;+86 472 246 5728
Cory;Linger;Red;clinger98@princeton.edu;+55 783 878 7160
Marna;Bramall;Blue;mbramall99@soup.io;+86 270 785 3885
Lisetta;Stothert;Puce;lstothert9a@qq.com;+86 285 510 0533
Timotheus;Tallboy;Aquamarine;ttallboy9b@phpbb.com;+62 486 340 0284
Danell;Brabbs;Khaki;dbrabbs9c@hubpages.com;+86 373 576 6120
Rodrick;Seeley;Orange;rseeley9d@timesonline.co.uk;+48 834 115 1317
Phebe;Giraudo;Mauv;pgiraudo9e@slideshare.net;+1 911 463 0010
Bayard;Heap;Pink;bheap9f@toplist.cz;+51 633 422 6509
Godfrey;Chetham;Orange;gchetham9g@cmu.edu;+49 792 526 6064
Anabelle;Carr;Green;acarr9h@loc.gov;+1 923 495 4761
Devlen;Greig;Violet;dgreig9i@tripod.com;+507 710 461 9718
Geri;Yerlett;Indigo;gyerlett9j@accuweather.com;+62 692 204 6741
Winona;Wixey;Purple;wwixey9k@oracle.com;+57 406 667 6702
Debbie;Parnaby;Puce;dparnaby9l@netscape.com;+7 453 812 9936
Ola;Fairlamb;Red;ofairlamb9m@disqus.com;+62 229 599 5787
Randa;Mariolle;Mauv;rmariolle9n@cnbc.com;+62 495 735 6166
Josee;Atter;Indigo;jatter9o@google.com.au;+84 630 284 6123
Caesar;Pringle;Red;cpringle9p@lulu.com;+84 668 319 9988
Janina;Urey;Indigo;jurey9q@wunderground.com;+380 559 651 5329
Dennie;Smewings;Red;dsmewings9r@addthis.com;+62 920 909 7109
Lizabeth;Ughetti;Maroon;lughetti9s@jugem.jp;+66 652 906 0897
Delphine;McMylor;Mauv;dmcmylor9t@hugedomains.com;+62 742 739 0924
Nefen;Cordelet;Crimson;ncordelet9u@jimdo.com;+93 395 185 7547
Padgett;Matteucci;Pink;pmatteucci9v@multiply.com;+591 773 543 1123
Cordell;Boshers;Yellow;cboshers9w@skype.com;+380 547 419 8981
Tedi;Werlock;Maroon;twerlock9x@squidoo.com;+7 823 511 5132
Deedee;Eagger;Puce;deagger9y@wix.com;+55 639 336 2568
Ann;Stonnell;Mauv;astonnell9z@uol.com.br;+383 256 415 4141
Jacki;Edgar;Fuscia;jedgara0@istockphoto.com;+86 930 789 5923
Zelig;Messam;Red;zmessama1@ning.com;+62 396 973 4124
Nil;Ivanovic;Indigo;nivanovica2@ebay.co.uk;+86 535 862 3842
Holly-anne;Warin;Goldenrod;hwarina3@kickstarter.com;+86 629 715 2479
Murial;Sprigg;Purple;msprigga4@is.gd;+64 335 847 2747
Craggy;Corzor;Crimson;ccorzora5@w3.org;+380 637 644 6636
Terza;Koles;Blue;tkolesa6@statcounter.com;+381 383 629 1249
Laurie;Aggas;Mauv;laggasa7@de.vu;+86 745 688 3257
Tiffanie;Sweetland;Blue;tsweetlanda8@godaddy.com;+63 470 601 7666
Reggie;Cresser;Blue;rcressera9@utexas.edu;+86 533 265 9780
Fawnia;Georgeot;Blue;fgeorgeotaa@google.nl;+359 489 279 2963
Elvis;Sporgeon;Green;esporgeonab@unicef.org;+92 548 300 2735
Augustin;Ambrosio;Crimson;aambrosioac@patch.com;+86 185 249 4795
Maryellen;Giacometti;Orange;mgiacomettiad@sciencedaily.com;+212 223 207 6197
Margo;Stranio;Violet;mstranioae@psu.edu;+33 112 803 2256
Juliane;Dowers;Violet;jdowersaf@amazon.co.jp;+1 441 153 7005
Samuele;Rivitt;Blue;srivittag@zimbio.com;+591 793 698 9411
Laina;Bloxsom;Aquamarine;lbloxsomah@msn.com;+7 224 488 3374
Sorcha;Keech;Mauv;skeechai@guardian.co.uk;+86 264 508 2790
Kiel;Dare;Orange;kdareaj@jimdo.com;+30 362 979 6111
Gweneth;Gores;Puce;ggoresak@dmoz.org;+63 206 220 9262
Thaxter;Frensche;Teal;tfrenscheal@joomla.org;+970 689 951 9441
Daniel;Bisatt;Goldenrod;dbisattam@1und1.de;+62 292 689 8362
Celestina;Prothero;Yellow;cprotheroan@alibaba.com;+33 106 444 4060
Noah;Tregunna;Purple;ntregunnaao@diigo.com;+351 358 538 5268
Elly;Grzelczyk;Crimson;egrzelczykap@purevolume.com;+249 782 720 9566
Robinetta;Leming;Crimson;rlemingaq@dropbox.com;+86 323 716 1090
Jaquenetta;Piegrome;Puce;jpiegromear@vk.com;+30 101 213 0506
Andromache;Clemensen;Green;aclemensenas@dagondesign.com;+1 202 538 0742
Perri;Bescoby;Purple;pbescobyat@jigsy.com;+86 188 718 8341
Banky;Chastand;Khaki;bchastandau@narod.ru;+62 671 622 9623
Emile;Dumbarton;Yellow;edumbartonav@rakuten.co.jp;+48 859 870 2031
Ange;Stempe;Orange;astempeaw@yolasite.com;+63 265 363 6497
Ilyse;MacDermid;Turquoise;imacdermidax@so-net.ne.jp;+54 928 446 8396
Parry;Yushkov;Teal;pyushkovay@upenn.edu;+62 695 368 2762
Kerianne;Deport;Purple;kdeportaz@dedecms.com;+30 274 171 7549
Jonathon;Plues;Indigo;jpluesb0@booking.com;+86 433 521 0587
Eb;Darrington;Pink;edarringtonb1@domainmarket.com;+7 201 367 3005
Jorge;Saladino;Green;jsaladinob2@ning.com;+7 501 445 4467
Arlin;Bitten;Red;abittenb3@cdbaby.com;+56 791 209 5094
Zelda;Kee;Puce;zkeeb4@mlb.com;+380 419 524 2996
Dasha;Trendle;Yellow;dtrendleb5@marriott.com;+7 194 234 9784
Constance;Lathbury;Khaki;clathburyb6@shop-pro.jp;+53 627 773 9429
Karisa;Sorro;Red;ksorrob7@nih.gov;+84 241 643 3831
Betsy;Stonestreet;Turquoise;bstonestreetb8@fotki.com;+86 994 503 9172
Amby;Deschlein;Aquamarine;adeschleinb9@japanpost.jp;+86 291 935 0225
Zane;Abbess;Turquoise;zabbessba@usgs.gov;+86 446 115 9500
Ashlen;Dewdney;Orange;adewdneybb@cornell.edu;+63 799 391 2894
Delaney;O'Loughlin;Mauv;doloughlinbc@1688.com;+63 793 799 9310
Jaclin;Milazzo;Crimson;jmilazzobd@ustream.tv;+7 925 277 3772
Fredrika;Feather;Khaki;ffeatherbe@tuttocitta.it;+49 988 844 8232
Lolly;Vowell;Green;lvowellbf@amazon.com;+86 277 544 3938
Elie;Bunch;Pink;ebunchbg@house.gov;+62 955 470 2375
Prent;Ibbitson;Goldenrod;pibbitsonbh@springer.com;+62 148 314 0162
Janaya;Spary;Indigo;jsparybi@home.pl;+62 273 208 9914
Winslow;Manilo;Goldenrod;wmanilobj@seesaa.net;+86 677 924 4731
Johannes;Goudard;Green;jgoudardbk@bbc.co.uk;+7 443 509 4735
Kary;Spat;Pink;kspatbl@youku.com;+351 940 231 9399
Paige;Clarabut;Yellow;pclarabutbm@house.gov;+1 107 320 9783
Caroline;D'Ambrosi;Yellow;cdambrosibn@ihg.com;+62 740 785 6191
Bibbye;Charrisson;Teal;bcharrissonbo@ca.gov;+972 139 390 1760
Moll;Raithmill;Orange;mraithmillbp@unesco.org;+62 447 555 2292
Jdavie;Worrell;Indigo;jworrellbq@opera.com;+48 178 337 8897
Marve;Clench;Blue;mclenchbr@google.ca;+7 215 842 9884
Laurie;Wardroper;Violet;lwardroperbs@gov.uk;+420 211 504 0680
Rutledge;Ravel;Green;rravelbt@4shared.com;+380 826 451 2164
Merrill;Dominique;Mauv;mdominiquebu@archive.org;+7 414 635 5048
Sissy;Maunsell;Maroon;smaunsellbv@hibu.com;+352 687 617 4650
Rubina;Gann;Indigo;rgannbw@a8.net;+62 457 686 4496
Tomasina;Kelsey;Green;tkelseybx@ed.gov;+351 513 925 1634
Marlie;Boise;Purple;mboiseby@un.org;+33 108 856 0124
Megan;Snibson;Goldenrod;msnibsonbz@admin.ch;+970 777 801 1039
Willie;Pauncefoot;Goldenrod;wpauncefootc0@google.co.uk;+353 384 199 3954
Janifer;Issacoff;Pink;jissacoffc1@ox.ac.uk;+387 402 611 3644
Ford;Berns;Blue;fbernsc2@phoca.cz;+52 692 313 2657
Frankie;Placido;Teal;fplacidoc3@bloglovin.com;+62 252 853 4659
Lorraine;Keaton;Maroon;lkeatonc4@about.com;+56 461 618 2858
Clemens;Fitzsimmons;Turquoise;cfitzsimmonsc5@ebay.com;+244 303 837 1060
Howey;Gabriel;Yellow;hgabrielc6@umich.edu;+86 886 490 3942
Madelena;Swatheridge;Fuscia;mswatheridgec7@hao123.com;+86 911 591 1845
Christophe;Braban;Orange;cbrabanc8@admin.ch;+81 571 555 6071
Karlee;Corballis;Green;kcorballisc9@networksolutions.com;+354 689 965 6044
Desiree;Hein;Violet;dheinca@google.de;+7 147 199 0833
Karel;Fenney;Teal;kfenneycb@squidoo.com;+62 400 932 8243
Gustave;Way;Fuscia;gwaycc@jugem.jp;+20 705 961 8739
Kelly;Nealey;Orange;knealeycd@google.com.hk;+598 544 582 8682
Meryl;Waghorne;Indigo;mwaghornece@acquirethisname.com;+62 269 162 8476
Benedetta;Scrooby;Puce;bscroobycf@gnu.org;+353 726 523 9631
Antone;Chalfain;Maroon;achalfaincg@xinhuanet.com;+267 416 671 9023
Iosep;Finley;Fuscia;ifinleych@opensource.org;+46 877 137 4432
Nanice;Hodgin;Turquoise;nhodginci@dropbox.com;+48 738 193 2239
Teodora;Gilham;Maroon;tgilhamcj@infoseek.co.jp;+27 800 944 4480
Lauree;Ravilious;Orange;lraviliousck@pcworld.com;+62 628 988 4217
Wade;Owttrim;Pink;wowttrimcl@zdnet.com;+7 384 833 0565
Briano;Karolovsky;Turquoise;bkarolovskycm@state.gov;+52 391 884 0668
Osborn;Ritmeyer;Aquamarine;oritmeyercn@ucla.edu;+1 650 656 5689
Constanta;Bushen;Red;cbushenco@cdc.gov;+55 840 491 2817
Ware;Vogele;Violet;wvogelecp@bravesites.com;+352 132 282 1770
Lethia;Scud;Maroon;lscudcq@cam.ac.uk;+234 870 799 1509
Elroy;Dallywater;Purple;edallywatercr@shareasale.com;+1 916 254 2400
Steffi;Penkethman;Khaki;spenkethmancs@mashable.com;+380 122 111 1237
Ives;Jacobi;Goldenrod;ijacobict@skype.com;+86 712 942 5292
Nataniel;Addy;Red;naddycu@usa.gov;+63 385 416 1632
Dean;Puckett;Yellow;dpuckettcv@de.vu;+54 101 640 8072
Ibby;Seiler;Green;iseilercw@princeton.edu;+51 564 193 0715
Foss;Rooze;Fuscia;froozecx@admin.ch;+86 424 681 3787
Joete;Lowndes;Mauv;jlowndescy@vinaora.com;+86 190 596 9624
Aigneis;Fernant;Indigo;afernantcz@home.pl;+86 664 887 5309
Walsh;Matthias;Turquoise;wmatthiasd0@over-blog.com;+55 217 177 8740
Rhys;Ingry;Indigo;ringryd1@unc.edu;+62 184 178 6439
Cirstoforo;Mendonca;Khaki;cmendoncad2@studiopress.com;+54 452 733 9723
Bordie;Bartens;Crimson;bbartensd3@surveymonkey.com;+62 819 623 2421
Kelci;Scantlebury;Crimson;kscantleburyd4@godaddy.com;+509 362 115 6354
Susy;Minkin;Aquamarine;sminkind5@msn.com;+48 314 162 2290
Dorise;Kubes;Violet;dkubesd6@yolasite.com;+351 494 898 2404
Sioux;Conradsen;Teal;sconradsend7@slashdot.org;+33 103 964 0039
Sena;Boswell;Teal;sboswelld8@addthis.com;+66 938 228 7563
King;Hackey;Red;khackeyd9@4shared.com;+256 398 997 8820
Bentley;Cayzer;Red;bcayzerda@exblog.jp;+86 826 958 4345
Den;McNirlin;Indigo;dmcnirlindb@deviantart.com;+1 555 433 9367
Merle;Dewhirst;Purple;mdewhirstdc@arizona.edu;+55 897 808 5379
Des;Botton;Blue;dbottondd@narod.ru;+86 574 782 7630
Garry;Bagshawe;Blue;gbagshawede@ucoz.com;+63 955 155 4461
Kim;Meiner;Indigo;kmeinerdf@ftc.gov;+51 362 789 6427
Seward;Brockelsby;Indigo;sbrockelsbydg@thetimes.co.uk;+48 897 969 9117
Noelyn;Chown;Crimson;nchowndh@qq.com;+53 704 239 9212
Barrie;Oosthout de Vree;Teal;boosthoutdevreedi@cbsnews.com;+55 390 707 1023
Kizzie;Jouaneton;Pink;kjouanetondj@usatoday.com;+63 603 266 2994
Petey;Grigolli;Red;pgrigollidk@intel.com;+850 408 145 6670
Carl;Melvin;Maroon;cmelvindl@gmpg.org;+86 762 407 2107
Patton;Miner;Fuscia;pminerdm@google.cn;+86 548 632 6998
Pamella;Caveau;Mauv;pcaveaudn@bloomberg.com;+964 935 927 8483
Farlee;Penhall;Fuscia;fpenhalldo@dedecms.com;+963 474 910 1234
Olly;Jillis;Orange;ojillisdp@nps.gov;+86 458 125 0303
Olivia;Giacubo;Turquoise;ogiacubodq@altervista.org;+94 380 596 5524
Josepha;Yosevitz;Mauv;jyosevitzdr@hao123.com;+62 450 142 2380
Zorana;Kittredge;Maroon;zkittredgeds@tiny.cc;+60 704 394 5098
Haskell;Blague;Pink;hblaguedt@rakuten.co.jp;+86 877 937 8489
Garvy;Seine;Khaki;gseinedu@yelp.com;+387 221 296 4922
Oralia;Tilt;Aquamarine;otiltdv@washington.edu;+86 156 598 3333
Ines;Petz;Mauv;ipetzdw@ask.com;+7 668 163 3706
Dicky;Slayford;Blue;dslayforddx@prlog.org;+86 192 521 0301
Kalli;Proby;Green;kprobydy@arstechnica.com;+358 287 823 3859
Daron;Kuhndel;Purple;dkuhndeldz@xrea.com;+46 653 436 8117
Lisbeth;Fleischmann;Fuscia;lfleischmanne0@loc.gov;+62 156 789 1300
Stella;Yourell;Turquoise;syourelle1@mac.com;+420 381 399 5654
Sophi;Sanday;Blue;ssandaye2@chronoengine.com;+86 845 522 4334
Margi;Strelitzki;Yellow;mstrelitzkie3@weibo.com;+46 770 659 5432
Tim;Trewartha;Violet;ttrewarthae4@army.mil;+33 771 985 4133
Rosetta;Piotrowski;Purple;rpiotrowskie5@nasa.gov;+86 733 100 0474
Raddie;Thuillier;Turquoise;rthuilliere6@indiegogo.com;+226 286 915 9270
Randolf;Hayles;Pink;rhaylese7@salon.com;+58 704 323 8321
Nataline;Thynne;Purple;nthynnee8@woothemes.com;+235 309 499 8333
Audrye;Sans;Mauv;asanse9@virginia.edu;+86 729 104 2261
Eve;Blasoni;Indigo;eblasoniea@dyndns.org;+55 565 372 5271
Timothy;Le Sieur;Indigo;tlesieureb@dedecms.com;+62 497 350 5318
Hinda;Tregian;Turquoise;htregianec@newsvine.com;+46 226 768 7091
Chrystel;Field;Mauv;cfielded@latimes.com;+62 856 109 2998
Townsend;Cavan;Violet;tcavanee@washingtonpost.com;+81 844 946 0671
Kliment;Rendbaek;Purple;krendbaekef@symantec.com;+86 735 149 7140
Melita;Gook;Purple;mgookeg@ed.gov;+53 163 665 6444
Kennan;Wahner;Red;kwahnereh@oracle.com;+86 396 194 8971
Robenia;Iacovini;Orange;riacoviniei@imageshack.us;+62 894 234 9338
Peder;Rodbourne;Blue;prodbourneej@ucla.edu;+7 936 709 0413
Abeu;Gergus;Red;agergusek@linkedin.com;+49 160 592 8555
Jannel;Corlett;Blue;jcorlettel@about.me;+55 476 678 1422
Esmeralda;Venus;Purple;evenusem@indiatimes.com;+54 539 136 2570
Bertrand;Lortzing;Maroon;blortzingen@mashable.com;+62 471 124 7784
Hillery;Druett;Blue;hdruetteo@about.me;+251 153 785 0166
Diego;Ogan;Fuscia;doganep@dyndns.org;+48 648 124 2980
Sibella;Dwyr;Red;sdwyreq@e-recht24.de;+63 894 354 1900
Lonna;Moreton;Aquamarine;lmoretoner@wiley.com;+255 602 853 0644
Buffy;Fullegar;Indigo;bfullegares@msn.com;+63 946 955 3184
Kris;Jane;Aquamarine;kjaneet@cbc.ca;+62 381 133 1819
Alfy;Appleford;Indigo;aapplefordeu@cbsnews.com;+51 826 772 5491
Eric;Dingwall;Goldenrod;edingwallev@paypal.com;+507 451 973 9555
Beaufort;Tuffley;Khaki;btuffleyew@hp.com;+7 712 267 7561
Ashla;Passfield;Aquamarine;apassfieldex@delicious.com;+7 922 420 9436
Reynard;Davenhall;Fuscia;rdavenhalley@reddit.com;+55 582 430 6187
Marylee;Richel;Green;mrichelez@reuters.com;+86 905 259 0405
Ronna;Miranda;Teal;rmirandaf0@miitbeian.gov.cn;+1 881 942 7814
Lemar;Rust;Violet;lrustf1@live.com;+62 523 114 8481
Clemente;Greyes;Red;cgreyesf2@deliciousdays.com;+63 865 845 3445
Claiborn;Jamblin;Indigo;cjamblinf3@cdbaby.com;+1 424 925 9636
Fair;Gannaway;Indigo;fgannawayf4@cafepress.com;+62 125 539 3995
Verina;Glasscoe;Mauv;vglasscoef5@salon.com;+1 163 345 2450
Augustin;Quillinane;Puce;aquillinanef6@about.com;+48 811 787 2081
Michaeline;Feavers;Khaki;mfeaversf7@noaa.gov;+33 714 171 9383
Anna-diana;Davis;Red;adavisf8@360.cn;+33 674 165 4411
Laney;Tribell;Yellow;ltribellf9@elegantthemes.com;+420 413 644 3977
Livvyy;Rhead;Aquamarine;lrheadfa@patch.com;+46 539 290 5401
Leonanie;Nester;Maroon;lnesterfb@twitter.com;+216 165 517 2396
Dore;Fritchley;Yellow;dfritchleyfc@arizona.edu;+380 757 150 4166
Federica;Son;Purple;fsonfd@amazon.com;+504 888 754 8645
Jessalyn;De Antoni;Purple;jdeantonife@google.co.uk;+62 323 263 4947
Bunny;Bisco;Crimson;bbiscoff@wix.com;+33 986 200 4900
Noam;Drysdale;Yellow;ndrysdalefg@dyndns.org;+7 460 468 1164
Foss;Acutt;Crimson;facuttfh@usnews.com;+385 814 929 5161
Mame;Christy;Maroon;mchristyfi@kickstarter.com;+86 604 654 1264
Yuma;Saveall;Maroon;ysaveallfj@ebay.com;+48 810 966 7856
Harriot;Harriman;Yellow;hharrimanfk@unesco.org;+420 594 829 6310
Noel;Ebden;Maroon;nebdenfl@mozilla.org;+7 136 385 7295
Alaster;Winkell;Maroon;awinkellfm@cam.ac.uk;+7 105 299 6101
Lenna;Lembcke;Turquoise;llembckefn@cloudflare.com;+47 995 789 1440
Edwin;Fuge;Blue;efugefo@yelp.com;+57 203 392 3070
Lianna;Tie;Purple;ltiefp@mozilla.org;+48 497 270 7026
Justen;Bale;Turquoise;jbalefq@jiathis.com;+1 770 659 6583
Ford;Peascod;Blue;fpeascodfr@cornell.edu;+47 414 935 3902
Joete;Rodenburgh;Purple;jrodenburghfs@unblog.fr;+86 767 284 1812
Luce;Ottery;Blue;lotteryft@webs.com;+84 874 820 0518
Isidor;Querrard;Pink;iquerrardfu@mapquest.com;+52 954 185 5511
Giuditta;Canby;Crimson;gcanbyfv@tripod.com;+53 798 207 0836
Gordy;Cardozo;Pink;gcardozofw@stumbleupon.com;+51 315 377 5597
Fayth;Northam;Indigo;fnorthamfx@telegraph.co.uk;+55 347 173 6545
Sashenka;Andren;Goldenrod;sandrenfy@wordpress.com;+351 625 529 7581
Benjy;Livock;Red;blivockfz@bandcamp.com;+970 849 138 7077
Ginger;Moquin;Fuscia;gmoquing0@cafepress.com;+86 285 329 3317
Gabrila;Housiaux;Orange;ghousiauxg1@usatoday.com;+61 929 466 9523
Erminia;Justice;Purple;ejusticeg2@howstuffworks.com;+506 531 935 6174
Robinette;Rumbellow;Teal;rrumbellowg3@freewebs.com;+86 222 705 7521
Janeta;Glaves;Blue;jglavesg4@ucoz.ru;+62 310 561 0845
Ingaberg;McMoyer;Red;imcmoyerg5@webeden.co.uk;+39 187 696 1954
Merridie;Bothen;Yellow;mbotheng6@weebly.com;+46 444 585 3048
Buckie;Wickey;Maroon;bwickeyg7@toplist.cz;+62 951 597 5021
Martita;Tuckett;Violet;mtuckettg8@fotki.com;+1 884 523 4068
Jeana;Motherwell;Orange;jmotherwellg9@tripadvisor.com;+62 663 837 8992
Avivah;Dunbabin;Violet;adunbabinga@webs.com;+98 484 903 9014
Esther;Bolle;Crimson;ebollegb@squidoo.com;+1 801 730 9856
Sebastiano;Rockwell;Turquoise;srockwellgc@sbwire.com;+33 627 346 6341
Leoine;Browell;Green;lbrowellgd@umich.edu;+63 877 484 3685
Eleen;Houldey;Orange;ehouldeyge@elegantthemes.com;+62 573 429 5010
Sue;Basset;Purple;sbassetgf@woothemes.com;+86 983 589 8646
Alexine;Christophersen;Maroon;achristophersengg@ucoz.com;+55 187 152 8282
Theadora;Setchfield;Aquamarine;tsetchfieldgh@a8.net;+7 227 638 0780
Felice;Runacres;Goldenrod;frunacresgi@vk.com;+58 896 847 0996
Delmor;Laugheran;Fuscia;dlaugherangj@phpbb.com;+48 786 632 2220
Reinwald;Lowry;Fuscia;rlowrygk@ucsd.edu;+233 799 706 2476
Faye;Strippel;Puce;fstrippelgl@gov.uk;+1 512 141 1647
Sigfried;Enticott;Khaki;senticottgm@google.cn;+63 193 794 6491
Inger;Bosch;Indigo;iboschgn@who.int;+224 107 353 6251
Eddy;McNae;Orange;emcnaego@whitehouse.gov;+62 812 815 0644
Kelvin;Rosenqvist;Yellow;krosenqvistgp@ox.ac.uk;+225 191 879 2117
Moore;Ohms;Khaki;mohmsgq@squidoo.com;+33 622 896 5518
Reeva;Goseling;Teal;rgoselinggr@jimdo.com;+66 827 255 8690
Lenka;Lamputt;Teal;llamputtgs@unesco.org;+86 176 416 2113
Marcos;Padmore;Khaki;mpadmoregt@gnu.org;+62 845 732 1591
Efren;Franchi;Blue;efranchigu@tripadvisor.com;+81 365 125 2762
Felicity;Hubberstey;Blue;fhubbersteygv@foxnews.com;+33 833 524 0447
Clem;Goody;Puce;cgoodygw@bbc.co.uk;+53 760 574 3946
Betsey;Stuchburie;Aquamarine;bstuchburiegx@slashdot.org;+86 583 521 3648
Carmelita;Toner;Crimson;ctonergy@dyndns.org;+420 456 238 2008
Audy;Jago;Indigo;ajagogz@github.io;+33 748 233 0658
Laraine;Moan;Maroon;lmoanh0@bing.com;+1 188 497 4090
Ketty;Mocher;Purple;kmocherh1@xing.com;+86 242 220 4234
Phoebe;Stillgoe;Indigo;pstillgoeh2@blogspot.com;+62 910 440 5996
Sutherland;De Gregorio;Blue;sdegregorioh3@usgs.gov;+968 805 368 4169
Pooh;Bednall;Maroon;pbednallh4@wikipedia.org;+86 201 709 7392
Cordie;Carnson;Teal;ccarnsonh5@imdb.com;+970 644 502 7922
Ambur;Tippin;Turquoise;atippinh6@fastcompany.com;+62 101 287 5022
Sidonnie;Denidge;Aquamarine;sdenidgeh7@xing.com;+86 185 958 4097
Wake;Kirkhouse;Indigo;wkirkhouseh8@blogger.com;+7 254 131 2575
Sheila-kathryn;Sever;Red;sseverh9@seattletimes.com;+235 395 779 6818
Giles;Shelley;Red;gshelleyha@qq.com;+63 475 261 2611
Brynn;Harm;Yellow;bharmhb@yale.edu;+385 816 612 3519
Wesley;Wemm;Teal;wwemmhc@google.de;+996 556 586 4657
Skippy;Jobin;Fuscia;sjobinhd@tamu.edu;+967 492 112 1777
Carena;Hartles;Mauv;chartleshe@taobao.com;+86 380 482 9814
Matthieu;Kennerknecht;Goldenrod;mkennerknechthf@t.co;+380 348 687 2733
Violet;Oakwood;Khaki;voakwoodhg@xinhuanet.com;+420 368 563 6879
Godfry;Tesseyman;Fuscia;gtesseymanhh@ebay.co.uk;+7 669 228 5511
Paula;Renbold;Green;prenboldhi@naver.com;+48 137 951 5777
Laughton;Pantlin;Teal;lpantlinhj@symantec.com;+972 522 146 1496
Dominic;Christensen;Pink;dchristensenhk@symantec.com;+261 809 312 3241
Tanitansy;Hughesdon;Violet;thughesdonhl@ucla.edu;+58 409 413 7037
Mattias;Severwright;Orange;mseverwrighthm@sourceforge.net;+81 908 455 1750
Padriac;Whitcher;Green;pwhitcherhn@uiuc.edu;+86 166 714 0891
Wyatt;Staniforth;Mauv;wstaniforthho@mysql.com;+55 616 937 0832
Hermann;Bischof;Red;hbischofhp@infoseek.co.jp;+234 491 597 9031
Florie;Dunlap;Teal;fdunlaphq@ft.com;+62 243 390 4677
Eberhard;Lewcock;Puce;elewcockhr@vistaprint.com;+48 716 356 3417
Isa;Venus;Blue;ivenushs@woothemes.com;+63 470 484 6465
Wye;Kearey;Pink;wkeareyht@com.com;+27 852 160 4180
Marylou;Goodenough;Pink;mgoodenoughhu@netscape.com;+7 920 297 5552
Norma;Gammage;Goldenrod;ngammagehv@harvard.edu;+380 912 233 0505
Velma;Huddle;Blue;vhuddlehw@yale.edu;+63 395 293 7481
Artemas;Heeron;Orange;aheeronhx@cargocollective.com;+31 814 348 3732
Isaac;Northern;Green;inorthernhy@free.fr;+86 136 575 9746
Kippy;Dominicacci;Khaki;kdominicaccihz@cbslocal.com;+62 445 740 2420
Reuven;Jeans;Goldenrod;rjeansi0@latimes.com;+46 292 116 8712
Jaye;Wardington;Aquamarine;jwardingtoni1@wordpress.com;+850 117 279 8812
Nickolaus;Erb;Yellow;nerbi2@guardian.co.uk;+972 127 412 7987
Marilee;Kunkler;Orange;mkunkleri3@storify.com;+352 551 852 5086
Amelia;Primarolo;Indigo;aprimaroloi4@cbc.ca;+385 326 393 8085
Sonny;Tegler;Teal;stegleri5@arizona.edu;+63 549 993 8305
Barb;Blackstone;Puce;bblackstonei6@cafepress.com;+30 987 849 4478
Zebulon;Freund;Puce;zfreundi7@foxnews.com;+374 582 561 7328
Cloe;Haryngton;Purple;charyngtoni8@fastcompany.com;+886 420 423 7963
Eudora;Lambard;Green;elambardi9@is.gd;+86 448 378 3138
Glen;McCool;Red;gmccoolia@noaa.gov;+86 840 833 7497
Sheilakathryn;Clulee;Indigo;scluleeib@sbwire.com;+351 562 158 8535
Roderick;McCoid;Orange;rmccoidic@house.gov;+86 260 893 3695
Shea;Poon;Teal;spoonid@opera.com;+63 834 335 9707
Fitzgerald;Skerritt;Yellow;fskerrittie@free.fr;+255 960 884 1000
Tandi;Danher;Puce;tdanherif@odnoklassniki.ru;+62 851 961 5144
Susanna;McKern;Indigo;smckernig@ocn.ne.jp;+380 758 380 2055
Kaleb;Hinchcliffe;Green;khinchcliffeih@mozilla.com;+7 104 116 7968
Vita;Bridgeland;Purple;vbridgelandii@ycombinator.com;+84 903 908 6686
Cesar;Currier;Turquoise;ccurrierij@wiley.com;+7 473 665 0690
Upton;Shoute;Khaki;ushouteik@yolasite.com;+357 640 245 0375
Amandi;Maystone;Crimson;amaystoneil@ed.gov;+46 963 158 7112
Maurie;Broader;Red;mbroaderim@theglobeandmail.com;+261 262 728 7597
Issie;Node;Fuscia;inodein@csmonitor.com;+54 964 813 8295
Ros;Cotherill;Purple;rcotherillio@google.com;+355 151 442 1992
Dickie;Chaucer;Violet;dchaucerip@noaa.gov;+351 924 764 2001
Whitman;Chopping;Green;wchoppingiq@webmd.com;+86 832 281 3704
Bone;Rumke;Turquoise;brumkeir@de.vu;+230 403 239 0628
Carlene;Shorten;Fuscia;cshortenis@sfgate.com;+62 927 570 0431
Willetta;Lauchlan;Teal;wlauchlanit@vkontakte.ru;+63 345 291 1794
Cointon;Becker;Green;cbeckeriu@wikimedia.org;+62 614 408 0280
Nobie;Townsend;Indigo;ntownsendiv@bravesites.com;+7 842 725 5012
Ingram;Pennoni;Turquoise;ipennoniiw@va.gov;+86 982 578 6810
Sheffy;Rennison;Fuscia;srennisonix@hud.gov;+63 671 952 8050
Fan;Mouget;Violet;fmougetiy@google.ca;+86 128 968 4133
Henrie;Lydiate;Puce;hlydiateiz@google.com.hk;+373 986 379 5724
Nedda;Spurrett;Indigo;nspurrettj0@ted.com;+1 432 462 0158
Erastus;Shackesby;Mauv;eshackesbyj1@dailymail.co.uk;+30 104 281 2681
Melisent;Goldthorpe;Green;mgoldthorpej2@dagondesign.com;+963 326 562 3742
Giuditta;Hooban;Khaki;ghoobanj3@skype.com;+55 656 969 3655
Cele;Straw;Puce;cstrawj4@go.com;+46 550 376 0742
Lynn;Torbard;Puce;ltorbardj5@twitter.com;+81 958 363 6961
Dorey;Kretschmer;Purple;dkretschmerj6@ted.com;+967 553 694 5026
Brooks;Corey;Khaki;bcoreyj7@dyndns.org;+54 142 444 5020
Nannie;Lambourn;Blue;nlambournj8@ovh.net;+86 472 504 2440
Sherm;Stronghill;Khaki;sstronghillj9@tumblr.com;+7 246 570 5888
Bren;Mound;Purple;bmoundja@hugedomains.com;+380 666 769 7806
Vonny;Byron;Yellow;vbyronjb@ucoz.com;+62 804 598 0598
Drucy;O'Tuohy;Yellow;dotuohyjc@who.int;+86 549 436 0541
Kyrstin;Algy;Yellow;kalgyjd@nydailynews.com;+30 440 846 2253
Kyle;Ackhurst;Goldenrod;kackhurstje@house.gov;+375 163 276 8340
Nathanial;Beal;Pink;nbealjf@squarespace.com;+81 546 577 2520
Karine;Tuhy;Pink;ktuhyjg@psu.edu;+351 323 295 0271
Johnath;Sedcole;Indigo;jsedcolejh@examiner.com;+7 401 472 8902
Paolo;Burrells;Goldenrod;pburrellsji@blinklist.com;+86 648 479 5219
Mike;Bachellier;Khaki;mbachellierjj@nationalgeographic.com;+86 726 586 1508
Tamarra;Haldene;Puce;thaldenejk@goodreads.com;+1 423 659 3661
Brnaby;Bladge;Khaki;bbladgejl@sbwire.com;+86 869 330 1912
Porty;Brittan;Goldenrod;pbrittanjm@phoca.cz;+55 502 550 3156
Chlo;Georgiev;Fuscia;cgeorgievjn@msn.com;+33 727 108 9468
Arlie;Bewsy;Blue;abewsyjo@comcast.net;+86 613 169 4706
Charla;Luckey;Teal;cluckeyjp@about.me;+375 849 326 8843
Karie;Willes;Aquamarine;kwillesjq@smh.com.au;+299 686 509 7226
Lizbeth;Caldeiro;Turquoise;lcaldeirojr@histats.com;+7 947 760 0104
Emery;Box;Yellow;eboxjs@sbwire.com;+86 246 204 2258
Devora;Firth;Puce;dfirthjt@alexa.com;+7 468 387 0976
Shaine;Spat;Indigo;sspatju@scientificamerican.com;+55 216 939 5965
Joy;McGlue;Indigo;jmcgluejv@admin.ch;+86 911 967 7404
Terrel;Duetschens;Khaki;tduetschensjw@webeden.co.uk;+7 396 387 1897
Lesli;Forrington;Mauv;lforringtonjx@geocities.jp;+375 681 196 1504
Lockwood;Standering;Fuscia;lstanderingjy@comcast.net;+976 932 421 4371
Bekki;Dikelin;Blue;bdikelinjz@hubpages.com;+94 924 691 3215
Demetra;Ginley;Goldenrod;dginleyk0@wsj.com;+7 470 191 0228
Bjorn;Tootal;Fuscia;btootalk1@economist.com;+351 373 578 7363
Llewellyn;Georgeou;Blue;lgeorgeouk2@php.net;+48 915 526 8976
Madonna;Boorer;Mauv;mboorerk3@livejournal.com;+46 409 323 4807
Eba;Squibbes;Blue;esquibbesk4@ed.gov;+233 901 590 6861
Rheta;State;Green;rstatek5@nps.gov;+54 615 662 3847
Byrann;Pridgeon;Violet;bpridgeonk6@mapy.cz;+86 902 786 9562
Dominga;Tunbridge;Fuscia;dtunbridgek7@chron.com;+423 817 631 6704
Kayley;Sauvage;Green;ksauvagek8@dagondesign.com;+86 602 795 0550
Otha;Eleshenar;Fuscia;oeleshenark9@cisco.com;+62 472 771 6188
Tadio;Potebury;Goldenrod;tpoteburyka@google.fr;+86 339 916 6611
Abbe;Casbolt;Maroon;acasboltkb@livejournal.com;+62 418 795 2115
Nancie;Hackney;Fuscia;nhackneykc@army.mil;+63 406 968 4455
Monique;Crock;Orange;mcrockkd@ow.ly;+86 360 341 5357
Michelle;Extil;Pink;mextilke@wikipedia.org;+86 536 798 9717
Giselbert;Febre;Red;gfebrekf@opera.com;+351 470 468 1351
Yehudi;Ayrton;Aquamarine;yayrtonkg@ca.gov;+86 396 744 3080
Aldous;Brownsall;Goldenrod;abrownsallkh@list-manage.com;+380 998 444 2149
Alicia;Isselee;Maroon;aisseleeki@umn.edu;+236 973 967 2141
Stanislas;McGilroy;Aquamarine;smcgilroykj@cnet.com;+53 567 288 4998
Hilary;Wiltshier;Goldenrod;hwiltshierkk@oaic.gov.au;+62 811 514 5499
Cinderella;Peatt;Orange;cpeattkl@wp.com;+33 968 127 5265
Chiarra;Quernel;Green;cquernelkm@google.ca;+46 860 266 9843
Vivie;Tardiff;Puce;vtardiffkn@shareasale.com;+62 834 114 8433
Batholomew;Crosfield;Teal;bcrosfieldko@irs.gov;+84 774 591 9517
Shelba;Santore;Pink;ssantorekp@seattletimes.com;+86 418 501 0140
Stella;Rowles;Violet;srowleskq@nationalgeographic.com;+62 334 712 0015
Angelle;Eland;Goldenrod;aelandkr@netscape.com;+86 395 756 5234
Toddie;Aberdalgy;Pink;taberdalgyks@bloglovin.com;+62 514 850 3615
Lianne;Kulic;Mauv;lkulickt@discovery.com;+46 425 953 9799
Daniele;Hembery;Crimson;dhemberyku@dagondesign.com;+86 498 391 8593
Chloe;Beddows;Goldenrod;cbeddowskv@dropbox.com;+62 626 896 8672
Andreana;Gissing;Indigo;agissingkw@liveinternet.ru;+386 367 275 8263
Norry;Le Conte;Khaki;nlecontekx@prlog.org;+62 975 127 9303
Alfie;Inglesfield;Puce;ainglesfieldky@storify.com;+86 473 175 1541
Horst;Maffini;Puce;hmaffinikz@qq.com;+352 603 132 7984
Blancha;Francesc;Violet;bfrancescl0@noaa.gov;+7 286 205 1877
Karin;Arp;Indigo;karpl1@sphinn.com;+420 870 422 2787
Flor;Madgwick;Indigo;fmadgwickl2@skyrock.com;+261 486 214 6923
Kimberly;Cecere;Violet;kcecerel3@odnoklassniki.ru;+63 161 256 5684
Shurlocke;Ghest;Violet;sghestl4@mac.com;+966 628 781 4769
Hewett;Windross;Yellow;hwindrossl5@latimes.com;+62 382 130 8706
Evonne;Rosoman;Puce;erosomanl6@cocolog-nifty.com;+380 300 111 9608
Mufinella;Simms;Blue;msimmsl7@tripod.com;+7 447 676 2867
Rafaelita;Schole;Blue;rscholel8@ustream.tv;+62 514 347 1824
Camella;Lardeux;Aquamarine;clardeuxl9@csmonitor.com;+48 640 123 8808
Rana;Speight;Red;rspeightla@whitehouse.gov;+55 568 957 3207
Clare;Gansbuhler;Green;cgansbuhlerlb@goo.ne.jp;+62 798 251 7799
Berny;Lowman;Red;blowmanlc@amazon.com;+7 977 584 6764
Shannon;Oherlihy;Mauv;soherlihyld@ebay.co.uk;+46 365 795 9119
Brok;Worsfold;Pink;bworsfoldle@skype.com;+86 435 951 5911
Jayme;Picknett;Indigo;jpicknettlf@eepurl.com;+66 850 223 4466
Lisa;Duetsche;Violet;lduetschelg@rediff.com;+66 918 953 3926
Boone;Braun;Khaki;bbraunlh@hc360.com;+420 746 958 9538
Harmon;Dobbing;Yellow;hdobbingli@google.com.au;+52 446 155 4810
Eli;Melmore;Crimson;emelmorelj@slashdot.org;+57 983 552 7441
Dode;Cheshir;Green;dcheshirlk@cnet.com;+86 443 978 3055
Gannie;Bermingham;Crimson;gberminghamll@ning.com;+255 441 790 3270
Julieta;McTavish;Turquoise;jmctavishlm@ocn.ne.jp;+86 223 588 5322
Perrine;Brahmer;Fuscia;pbrahmerln@wired.com;+1 697 962 3739
Florentia;Bortoletti;Maroon;fbortolettilo@rakuten.co.jp;+33 857 790 0353
Bail;Laughren;Maroon;blaughrenlp@princeton.edu;+351 174 161 8637
Austin;Mechell;Teal;amechelllq@blogspot.com;+996 887 362 2653
Westbrook;Wykey;Puce;wwykeylr@forbes.com;+93 262 955 0542
Konstanze;Huguet;Blue;khuguetls@xing.com;+48 597 652 2320
Minetta;Mullin;Khaki;mmullinlt@toplist.cz;+47 177 897 6064
Cob;Itskovitz;Puce;citskovitzlu@aboutads.info;+54 701 987 2574
Maia;Campione;Orange;mcampionelv@fotki.com;+351 737 903 8130
Nerte;Napoli;Maroon;nnapolilw@microsoft.com;+7 625 777 0295
Mattheus;Nevins;Indigo;mnevinslx@gnu.org;+62 668 370 1028
Alisander;Heymann;Yellow;aheymannly@bbb.org;+237 957 162 8313
Shanon;Boord;Indigo;sboordlz@wix.com;+63 407 595 7542
Hamlin;Motherwell;Indigo;hmotherwellm0@ucoz.ru;+46 111 754 6646
Noni;Simoncello;Green;nsimoncellom1@blogtalkradio.com;+86 841 412 4334
Felipe;Stones;Teal;fstonesm2@scientificamerican.com;+86 337 930 8311
Alikee;Wisden;Turquoise;awisdenm3@lulu.com;+81 287 988 2125
Kari;MacCostigan;Indigo;kmaccostiganm4@slate.com;+7 595 781 3738
Archibold;Ducker;Fuscia;aduckerm5@yahoo.co.jp;+998 237 698 5259
Olga;Brandel;Violet;obrandelm6@51.la;+420 379 177 5750
Leilah;Crips;Aquamarine;lcripsm7@un.org;+389 697 889 3552
Pen;Dunnet;Khaki;pdunnetm8@seesaa.net;+1 312 145 5909
Gwenny;Youens;Khaki;gyouensm9@nature.com;+389 992 623 6211
Isak;Duxbarry;Aquamarine;iduxbarryma@ucsd.edu;+7 191 451 4635
Bird;Genner;Crimson;bgennermb@imdb.com;+81 731 463 7227
Olly;Halliberton;Red;ohallibertonmc@illinois.edu;+27 140 424 6511
Libbi;Moncur;Purple;lmoncurmd@shareasale.com;+7 899 910 9700
Syd;Ranstead;Purple;sransteadme@pagesperso-orange.fr;+86 241 598 2023
Cris;Triplow;Violet;ctriplowmf@shinystat.com;+30 631 379 7878
Jodie;Samwyse;Violet;jsamwysemg@zdnet.com;+7 767 605 9117
Cassandre;Wenderott;Orange;cwenderottmh@ca.gov;+51 568 449 8630
Carina;Wike;Turquoise;cwikemi@geocities.jp;+63 820 586 2546
Dru;Currell;Khaki;dcurrellmj@samsung.com;+48 689 824 2595
Saidee;Cariss;Khaki;scarissmk@microsoft.com;+55 370 230 7737
Ermin;Wandrey;Purple;ewandreyml@ft.com;+212 837 230 3919
Quent;De Ruggero;Teal;qderuggeromm@google.es;+45 393 455 4702
Tessy;La Grange;Maroon;tlagrangemn@shareasale.com;+57 186 630 7834
Norbert;Triplett;Maroon;ntriplettmo@nba.com;+351 529 108 6042
Feodora;Kubecka;Pink;fkubeckamp@discuz.net;+86 171 567 9635
Thorny;Dockrey;Purple;tdockreymq@theglobeandmail.com;+55 803 653 1605
Salomon;Raymont;Khaki;sraymontmr@hexun.com;+381 364 138 5699
Abby;Manifold;Pink;amanifoldms@histats.com;+51 207 562 0383
Augie;Monte;Khaki;amontemt@chicagotribune.com;+506 321 600 9582
Lorant;Zamorrano;Maroon;lzamorranomu@npr.org;+507 471 666 1776
Garrot;Holston;Pink;gholstonmv@twitpic.com;+55 253 364 9652
Constancy;Rainforth;Goldenrod;crainforthmw@boston.com;+86 542 868 9941
Gerrie;Cust;Yellow;gcustmx@narod.ru;+66 288 172 3897
Reynard;Gullifant;Fuscia;rgullifantmy@chicagotribune.com;+963 677 948 8041
Lise;Raraty;Fuscia;lraratymz@issuu.com;+86 582 609 5817
Jordan;Cockill;Orange;jcockilln0@merriam-webster.com;+504 426 833 5949
Alvin;Noore;Maroon;anooren1@blog.com;+52 230 946 2163
Amelie;Taborre;Turquoise;ataborren2@toplist.cz;+380 884 235 8322
Dorian;Calverd;Mauv;dcalverdn3@slideshare.net;+46 745 941 8030
Carleton;Underhill;Red;cunderhilln4@over-blog.com;+507 351 308 2654
Felicity;Ferby;Aquamarine;fferbyn5@redcross.org;+86 814 821 2008
Silvan;Wilshire;Turquoise;swilshiren6@nature.com;+54 366 674 2187
Florette;Robertsson;Mauv;frobertssonn7@cmu.edu;+267 475 439 3275
Babette;Davoren;Green;bdavorenn8@ftc.gov;+56 460 104 3406
Marjorie;Iskowitz;Pink;miskowitzn9@berkeley.edu;+46 555 828 2025
Bryon;Brea;Fuscia;bbreana@angelfire.com;+86 257 722 9304
Tania;Bebbell;Indigo;tbebbellnb@guardian.co.uk;+66 300 457 1895
Gardie;Elam;Maroon;gelamnc@va.gov;+55 802 564 4300
Gabey;Nuton;Orange;gnutonnd@sfgate.com;+7 941 534 4083
Allis;Pilgram;Crimson;apilgramne@shutterfly.com;+351 961 302 6375
Logan;Bynold;Green;lbynoldnf@phoca.cz;+86 199 462 0595
Garland;Turfrey;Yellow;gturfreyng@deviantart.com;+33 652 232 3069
Vida;Neely;Puce;vneelynh@amazon.co.uk;+62 112 643 2790
Vinny;Polet;Aquamarine;vpoletni@ca.gov;+47 137 105 9995
Colan;Wickham;Crimson;cwickhamnj@google.com;+1 513 286 3053
Bernadette;Muldowney;Pink;bmuldowneynk@multiply.com;+386 625 106 6882
Byrom;Daws;Crimson;bdawsnl@newsvine.com;+93 103 729 9491
Rusty;Snelgar;Indigo;rsnelgarnm@angelfire.com;+62 501 697 3600
Christa;Molesworth;Turquoise;cmolesworthnn@si.edu;+351 568 252 0293
Janel;Kensington;Aquamarine;jkensingtonno@dailymail.co.uk;+62 297 433 0076
Nessie;Bierling;Khaki;nbierlingnp@wiley.com;+63 814 374 1013
Evelyn;McCuaig;Mauv;emccuaignq@posterous.com;+86 644 775 1532
Danica;Burnhard;Aquamarine;dburnhardnr@cargocollective.com;+44 547 568 7783
Trista;Rowthorn;Turquoise;trowthornns@surveymonkey.com;+7 659 292 4359
Armand;Walentynowicz;Teal;awalentynowicznt@discuz.net;+51 884 659 4066
Mala;Hulkes;Pink;mhulkesnu@stanford.edu;+1 260 983 7286
Loren;Corrado;Red;lcorradonv@bbc.co.uk;+30 283 728 5308
Sigfrid;Higounet;Mauv;shigounetnw@google.cn;+48 682 509 9584
Chandal;Lade;Blue;cladenx@cafepress.com;+30 804 164 9680
Barbara-anne;Killoran;Orange;bkilloranny@hostgator.com;+46 683 846 9871
Waneta;Swinden;Orange;wswindennz@go.com;+63 369 419 6681
Livvy;Davana;Violet;ldavanao0@shop-pro.jp;+54 144 158 2257
Kiley;Goutcher;Mauv;kgoutchero1@globo.com;+92 536 992 7216
Randy;Jewes;Indigo;rjeweso2@webnode.com;+84 354 875 3418
Gates;Christophersen;Orange;gchristopherseno3@stumbleupon.com;+62 967 747 4093
Dory;Farge;Indigo;dfargeo4@surveymonkey.com;+57 826 376 1347
Stace;Cereceres;Puce;scerecereso5@naver.com;+63 499 919 7356
Ardelle;Acome;Indigo;aacomeo6@netlog.com;+52 710 525 7467
Katie;Vaskov;Pink;kvaskovo7@nydailynews.com;+58 291 650 8998
Zachary;Dibdall;Crimson;zdibdallo8@amazonaws.com;+269 270 474 6985
Tyson;Batalle;Aquamarine;tbatalleo9@google.fr;+351 320 753 5654
Saunders;MacCurtain;Yellow;smaccurtainoa@europa.eu;+86 941 475 9845
Glendon;Carratt;Maroon;gcarrattob@imdb.com;+358 150 921 6239
Cassandry;Roscoe;Puce;croscoeoc@altervista.org;+86 713 356 8582
Cammi;Gendricke;Green;cgendrickeod@house.gov;+86 885 349 8614
Clare;Kennler;Fuscia;ckennleroe@blogger.com;+51 744 646 6876
Erich;Hubbis;Maroon;ehubbisof@purevolume.com;+7 673 694 1775
Florenza;Filmer;Maroon;ffilmerog@miitbeian.gov.cn;+20 489 358 5413
Cindy;Anthon;Pink;canthonoh@tumblr.com;+63 226 167 5520
Dyana;Epsly;Violet;depslyoi@cornell.edu;+54 533 989 2039
Junia;Mair;Maroon;jmairoj@nydailynews.com;+7 951 528 4439
Moll;Mowle;Orange;mmowleok@newyorker.com;+62 133 178 5304
Annadiane;Dorie;Indigo;adorieol@technorati.com;+86 375 568 0748
Rafi;Drescher;Violet;rdrescherom@macromedia.com;+27 133 566 1322
Averell;Canlin;Yellow;acanlinon@constantcontact.com;+965 380 103 7953
Kenna;Kochl;Pink;kkochloo@columbia.edu;+63 805 383 1761
Randee;Rumke;Red;rrumkeop@cyberchimps.com;+63 127 286 4230
Corny;Doerrling;Green;cdoerrlingoq@surveymonkey.com;+63 543 394 8904
Alicia;Bottomley;Fuscia;abottomleyor@icio.us;+86 579 916 5994
Dee dee;Croson;Khaki;dcrosonos@usatoday.com;+212 375 971 5767
Lorettalorna;Tremmel;Teal;ltremmelot@tumblr.com;+62 540 553 2656
Fionnula;Iorizzi;Yellow;fiorizziou@deviantart.com;+1 140 900 1492
Candida;Davidou;Red;cdavidouov@vkontakte.ru;+359 148 595 5921
Walther;Sloley;Goldenrod;wsloleyow@trellian.com;+377 576 270 7205
Lindy;Edington;Violet;ledingtonox@multiply.com;+380 115 908 8496
Cristiano;Loveitt;Indigo;cloveittoy@toplist.cz;+55 729 826 7705
Jesus;Squirrel;Fuscia;jsquirreloz@youtube.com;+385 432 626 8725
Broddie;Moran;Mauv;bmoranp0@wikipedia.org;+51 154 533 8510
Teddi;Clunie;Goldenrod;tcluniep1@imageshack.us;+7 649 513 5133
Torrie;Dudding;Turquoise;tduddingp2@acquirethisname.com;+63 679 798 5461
Jard;O'Caherny;Purple;jocahernyp3@csmonitor.com;+63 628 724 7705
Lizzie;Luckcock;Teal;lluckcockp4@java.com;+234 492 234 4168
Aurora;Desouza;Teal;adesouzap5@upenn.edu;+994 735 976 9016
Zora;Insall;Orange;zinsallp6@opera.com;+86 353 810 0055
Humphrey;Measey;Crimson;hmeaseyp7@studiopress.com;+62 159 653 2888
Laureen;Childes;Pink;lchildesp8@wiley.com;+33 189 774 9840
Friedrich;Roskell;Purple;froskellp9@springer.com;+63 582 462 3934
Ingunna;McVee;Indigo;imcveepa@examiner.com;+86 460 940 6021
Collin;Pover;Teal;cpoverpb@yahoo.com;+60 716 266 3330
Cosimo;Gunbie;Yellow;cgunbiepc@slashdot.org;+63 842 912 2515
Blondy;Garn;Teal;bgarnpd@techcrunch.com;+1 511 442 1147
Artie;Bootell;Turquoise;abootellpe@craigslist.org;+93 636 274 9178
Harwilll;Cleve;Crimson;hclevepf@usda.gov;+36 881 432 6917
Zebedee;Virgoe;Pink;zvirgoepg@amazon.de;+63 311 354 1379
Linc;Eckert;Blue;leckertph@ed.gov;+62 921 210 0605
Isaac;Biss;Mauv;ibisspi@ifeng.com;+86 244 671 9274
Elihu;Sholl;Violet;eshollpj@earthlink.net;+84 924 428 2555
Johannah;Boeter;Maroon;jboeterpk@cocolog-nifty.com;+34 455 929 6067
Brandais;Raith;Fuscia;braithpl@umn.edu;+62 252 719 6286
Alameda;Pavis;Khaki;apavispm@blinklist.com;+33 345 699 6340
Lotti;Tour;Orange;ltourpn@php.net;+92 562 243 9178
Lou;Stouther;Red;lstoutherpo@plala.or.jp;+976 997 354 1239
Dagny;Walburn;Crimson;dwalburnpp@xing.com;+62 684 533 7447
Barnie;McComiskie;Khaki;bmccomiskiepq@seesaa.net;+98 363 389 3716
Cesaro;Studdard;Indigo;cstuddardpr@blogs.com;+66 895 654 9433
Rahal;Geikie;Violet;rgeikieps@ibm.com;+46 940 849 1996
Chrissy;Yesinin;Yellow;cyesininpt@rediff.com;+420 290 533 8539
Puff;Self;Teal;pselfpu@webs.com;+86 385 583 1728
Tressa;Jeckell;Mauv;tjeckellpv@rambler.ru;+93 428 779 8390
Suzi;Antonchik;Goldenrod;santonchikpw@cbc.ca;+63 461 272 0497
Ludwig;Gomersal;Aquamarine;lgomersalpx@tmall.com;+55 665 357 2364
Delinda;Andrewartha;Indigo;dandrewarthapy@tuttocitta.it;+380 709 265 6740
Anton;Tulip;Maroon;atulippz@networksolutions.com;+39 920 464 4710
Kathie;Scholler;Purple;kschollerq0@soundcloud.com;+380 440 497 5611
Felicity;Crosser;Orange;fcrosserq1@globo.com;+62 240 219 0520
Hart;McCart;Turquoise;hmccartq2@elegantthemes.com;+48 419 667 4612
Dennis;Meatcher;Aquamarine;dmeatcherq3@ftc.gov;+86 823 288 4509
Ericka;Croote;Mauv;ecrooteq4@sohu.com;+86 456 333 6101
Willie;Tomczak;Pink;wtomczakq5@wordpress.com;+595 719 467 4574
Jacinta;Marryatt;Fuscia;jmarryattq6@sina.com.cn;+33 894 516 3672
Joshuah;Malek;Mauv;jmalekq7@mit.edu;+98 703 881 9635
Myca;Rimmer;Mauv;mrimmerq8@toplist.cz;+86 149 554 8384
Thelma;Mote;Turquoise;tmoteq9@hc360.com;+351 228 621 1873
Fair;Instrell;Teal;finstrellqa@ocn.ne.jp;+692 425 278 7638
Rona;Cumberledge;Indigo;rcumberledgeqb@youku.com;+62 652 723 0190
Dell;Fairbard;Goldenrod;dfairbardqc@ca.gov;+33 690 964 8250
Ethe;Arne;Red;earneqd@hp.com;+86 455 662 9422
Kurt;Seamons;Purple;kseamonsqe@4shared.com;+47 448 594 6802
Kaye;Lacey;Pink;klaceyqf@tumblr.com;+86 892 150 8640
Marguerite;Martinelli;Purple;mmartinelliqg@php.net;+212 243 509 7550
Ester;Veillard;Indigo;eveillardqh@newyorker.com;+1 704 464 1177
Adolph;Stubbs;Red;astubbsqi@yelp.com;+48 958 791 9420
Alyson;Mayhew;Purple;amayhewqj@scribd.com;+86 836 666 0208
Bradley;Laydon;Turquoise;blaydonqk@theglobeandmail.com;+7 377 179 0572
Myron;Bassingden;Indigo;mbassingdenql@de.vu;+86 742 485 6997
Mallissa;McNess;Yellow;mmcnessqm@digg.com;+86 900 282 1718
Perl;Ackroyd;Red;packroydqn@cloudflare.com;+48 890 374 9856
Bab;Newing;Indigo;bnewingqo@kickstarter.com;+81 822 939 0251
Edvard;Guierre;Aquamarine;eguierreqp@house.gov;+86 240 201 6581
Pammie;Gilogly;Maroon;pgiloglyqq@is.gd;+81 816 379 1212
Vale;Pestricke;Violet;vpestrickeqr@techcrunch.com;+66 356 480 7809
Hamish;Dalli;Orange;hdalliqs@slideshare.net;+351 967 572 0608
Carlin;Laughtisse;Mauv;claughtisseqt@list-manage.com;+63 755 291 3352
Glendon;McKinney;Goldenrod;gmckinneyqu@wikimedia.org;+48 448 204 0155
Melli;Barnfield;Goldenrod;mbarnfieldqv@amazon.com;+86 934 451 1291
Vania;McClancy;Purple;vmcclancyqw@free.fr;+51 889 267 5168
Emelda;Dwelley;Turquoise;edwelleyqx@icio.us;+998 449 352 7616
Amble;Shatliffe;Aquamarine;ashatliffeqy@constantcontact.com;+84 377 571 3067
Caterina;Scardifield;Puce;cscardifieldqz@mapquest.com;+218 251 366 0003
Floris;Riddlesden;Turquoise;friddlesdenr0@mayoclinic.com;+7 865 669 1257
Hyacintha;Celle;Violet;hceller1@example.com;+7 807 181 7003
Alexandrina;Eccleston;Teal;aecclestonr2@chicagotribune.com;+381 406 259 4177
Hatty;Berge;Teal;hberger3@deliciousdays.com;+351 684 935 6361
Jessi;Frissell;Teal;jfrissellr4@hud.gov;+46 813 291 2903
Travus;Tortoishell;Indigo;ttortoishellr5@1688.com;+963 434 972 9916
Andriette;Maulin;Goldenrod;amaulinr6@miitbeian.gov.cn;+86 247 591 9138
Nadia;Hinkley;Orange;nhinkleyr7@nba.com;+1 318 901 2801
Paxon;Turle;Crimson;pturler8@gravatar.com;+355 811 534 9351
Burke;Toffler;Blue;btofflerr9@tiny.cc;+387 152 966 9328
Jerry;Townend;Fuscia;jtownendra@blogger.com;+86 806 639 9962
Michele;Manjot;Khaki;mmanjotrb@discuz.net;+62 155 638 4083
Hart;Rowell;Crimson;hrowellrc@cisco.com;+62 394 533 2730
Patti;Bartos;Crimson;pbartosrd@google.ca;+970 202 193 4658
Gertrud;Falks;Puce;gfalksre@howstuffworks.com;+86 318 930 2145
Olag;Rottery;Puce;orotteryrf@fema.gov;+86 657 662 2846
Chen;Pottberry;Crimson;cpottberryrg@cmu.edu;+86 176 414 1040
Giustina;McGeachie;Red;gmcgeachierh@jigsy.com;+63 505 256 3071
Odelinda;Duffan;Green;oduffanri@geocities.jp;+66 281 199 7786
Flossi;Murfin;Aquamarine;fmurfinrj@msu.edu;+62 294 136 8566
Chelsae;Poyle;Orange;cpoylerk@discovery.com;+86 178 268 0302
Shae;Aizikowitz;Purple;saizikowitzrl@squarespace.com;+86 297 731 2310
Kaia;Khotler;Mauv;kkhotlerrm@tinyurl.com;+46 227 283 3234
Cornelia;Ranby;Aquamarine;cranbyrn@free.fr;+86 164 500 5372
Neall;Redish;Crimson;nredishro@example.com;+62 340 940 7632
Silva;Gair;Orange;sgairrp@cdc.gov;+81 132 927 4779
Carlo;Caulier;Green;ccaulierrq@yelp.com;+63 664 435 7819
Daniela;Ebi;Purple;debirr@ed.gov;+51 145 311 6651
